{"Routes":[{"name":"x","start":{"latitude":49.26141938389422,"longitude":-123.24703216552734},"steps":[{"distance":1234,"street name":"East Mall","direction":"east"},{"distance":1234,"street name":"University Boulevard","direction":"east"},{"distance":1234,"street name":"Westbrook Mall","direction":"north"}]},{"name":"y","start":{"latitude":49.26878465658965,"longitude":-123.24398517608643},"steps":[{"distance":234,"street name":"Chancellor Boulevard","direction":"west"},{"distance":1234,"street name":"Westbrook Mall","direction":"south"}]}]}